Word,Count
0,1
Adventure,24
1995,10
29,4
771507571,1
177358047,1
1590901682,1
Toy Story,1
150148222,1
309615962.186208,1
1,16
1996,11
34,4
1290490033,1
291966054,1
2618935504,1
Independence Day,1
306169255,1
621343452.214582,1
2,16
1997,10
23,7
881902843,1
192135684,1
1723457085,1
Men in Black,1
250650052,1
489832424.743661,1
3,19
1998,10
1614467732,1
344236174,1
3087798481,1
Armageddon,1
201578182,1
385534372.626496,1
4,15
1999,12
27,3
1612432107,1
317407880,1
2847148684,1
Star Wars Ep. I: The Phantom Menace,1
430443350,1
760054461.932797,1
5,6
2000,13
30,10
1327311892,1
246254507,1
2208902928,1
How the Grinch Stole Christmas,1
253367455,1
421652300.851538,1
6,11
2001,13
32,3
2268870844,1
400844935,1
3595579067,1
Harry Potter and the Sorcerer’s Stone,1
300404434,1
476064072.743835,1
7,9
2002,12
45,3
2818919526,1
485184060,1
4352101018,1
Spider-Man,1
403706375,1
623278142.353961,1
8,7
2003,13
46,2
2424131447,1
402011823,1
3606046052,1
Finding Nemo,1
339714367,1
505346215.216204,1
9,10
2004,13
47,3
2887833719,1
465029564,1
4171315189,1
Shrek 2,1
441226247,1
637326773.279,1
10,4
2005,12
43,2
2541162317,1
396437158,1
3556041307,1
Star Wars Ep. III: Revenge of the Sith,1
380270577,1
532141481.322275,1
11,8
2006,13
44,4
2743705092,1
418886249,1
3757409654,1
Pirates of the Caribbean: Dead Man’s Chest,1
423315812,1
579716429.195463,1
12,3
2007,13
41,3
2914786658,1
411094655,1
3687519055,1
Spider-Man 3,1
336530303,1
425747078.775542,1
13,3
2008,13
57,3
3007666130,1
343645676,1
3082501714,1
Iron Man,1
318412101,1
326334707.599623,1
14,4
2009,13
49,5
2818706120,1
322117706,1
2889395823,1
Harry Potter and the Half-Blood Prince,1
301959197,1
309531964.449076,1
15,6
2010,15
3202949362,1
372676939,1
3342912143,1
Toy Story 3,1
415004880,1
433139802.088528,1
16,5
2011,13
51,5
2775702217,1
324520322,1
2910947288,1
Harry Potter and the Deathly Hallows: Part II,1
381011219,1
399575850.69927,1
17,2
2012,13
48,3
3284291528,1
412599414,1
3701016744,1
The Hobbit: An Unexpected Journey,1
263834893,1
297311413.533095,1
18,1
2013,13
40,2
2900376040,1
356747331,1
3200023559,1
The Hunger Games: Catching Fire,1
407139699,1
449202658.77116,1
19,4
2014,14
2734961640,1
334755123,1
3002753453,1
The Lego Movie,1
257784718,1
283025524.301369,1
20,3
2015,14
3063807262,1
355658524,1
3190256960,1
Star Wars Ep. VII: The Force Awakens,1
742208942,1
772841448.728747,1
21,1
2016,13
53,3
4159137913,1
478096752,1
4288527865,1
Finding Dory,1
486295561,1
501424119.035773,1
22,4
2017,13
2687890267,1
299653307,1
2687890164,1
Star Wars Ep. VIII: The Last Jedi,1
517218368,1
517218348.180183,1
2018,14
2973509668,1
331494935,1
2973509567,1
Incredibles 2,1
608581744,1
608581723.32855,1
24,3
Action,24
1049544278,1
241274531,1
2164232543,1
Batman Forever,1
184031112,1
379484820.091485,1
25,9
36,5
1222675745,1
276623456,1
2481312400,1
Twister,1
241688385,1
490485223.976103,1
26,5
1456612580,1
317344773,1
2846582614,1
The Lost World: Jurassic Park,1
229086679,1
447692246.03319,1
973161753,1
207497162,1
1861249543,1
Rush Hour,1
137567454,1
263108738.192646,1
28,4
910203960,1
179173997,1
1607190753,1
The Matrix,1
171479930,1
302790330.445373,1
31,9
1266568598,1
234982623,1
2107794128,1
Mission: Impossible 2,1
215409889,1
358480148.540152,1
1390622699,1
245693043,1
2203866596,1
Rush Hour 2,1
226164286,1
358426419.676607,1
1394290142,1
239981075,1
2152630243,1
Men in Black 2,1
190418803,1
293985636.00664,1
2109404900,1
349818376,1
3137870833,1
The Matrix Reloaded,1
281553689,1
418828603.572815,1
33,6
1068864943,1
172119948,1
1543915934,1
I,1
Robot,1
144801023,1
209157020.382509,1
1356922056,1
211688288,1
1898843943,1
War of the Worlds,1
234280354,1
327846267.359071,1
35,3
1050592286,1
160395751,1
1438749886,1
X-Men: The Last Stand,1
234362462,1
320951305.257518,1
38,2
1489960013,1
214202319,1
1921394801,1
Transformers,1
319246193,1
411687542.026165,1
37,1
1643555898,1
195362748,1
1752403850,1
The Dark Knight,1
531001578,1
566168276.220852,1
2041030428,1
237119885,1
2126965368,1
Transformers: Revenge of the Fallen,1
402111870,1
419042268.953238,1
39,1
1804202879,1
205215607,1
1840783995,1
Avatar,1
408392727,1
416673093.855541,1
2117521464,1
243632546,1
2185383938,1
Transformers: Dark of the Moon,1
352390543,1
363683979.439133,1
2219838801,1
278874194,1
2501501520,1
The Avengers,1
623279547,1
702363943.500333,1
42,2
2423174736,1
298053449,1
2673539438,1
Iron Man 3,1
408992272,1
451249739.766692,1
2603979395,1
318724501,1
2858958774,1
Guardians of the Galaxy,1
333055258,1
365667736.816302,1
56,3
2947442069,1
338704883,1
3038182801,1
Jurassic World,1
652270625,1
672351601.17833,1
61,3
2533249471,1
289951566,1
2600865547,1
Captain America: Civil War,1
408084349,1
418976707.874352,1
67,2
3305708764,1
368529372,1
3305708467,1
Wonder Woman,1
412563408,1
412563370.933416,1
59,2
4142067464,1
461768924,1
4142067248,1
Black Panther,1
700059566,1
700059529.493384,1
Drama,24
131,2
1525963099,1
350796050,1
3146640569,1
Apollo 13,1
172036360,1
354750773.510735,1
121,3
1373074715,1
310650329,1
2786533451,1
A Time to Kill,1
108766007,1
220730972.267012,1
50,1
117,2
1198241550,1
261054747,1
2341661081,1
The Godfather,1
129141981,1
252375450.368034,1
129,3
1577021454,1
335565112,1
3010019055,1
Saving Private Ryan,1
190588778,1
363771749.581515,1
52,1
133,2
1458861532,1
287177397,1
2575981251,1
The General's Daughter,1
102705852,1
181352611.825521,1
166,2
1749265350,1
324538950,1
2911114382,1
The Perfect Storm,1
182618434,1
303912239.292751,1
54,1
151,2
1377189931,1
243319703,1
2182577736,1
Cast Away,1
123942702,1
196425036.10846,1
55,2
175,2
1601890899,1
275712631,1
2473142300,1
A Beautiful Mind,1
132929755,1
205228833.139863,1
174,2
1109221772,1
183950452,1
1650035554,1
Seabiscuit,1
120277854,1
178920699.600928,1
228,3
1380080888,1
222235135,1
1993449161,1
The Passion of the Christ,1
370274604,1
534840823.535415,1
58,1
266,3
1421398792,1
221746950,1
1989070142,1
Million Dollar Baby,1
99378637,1
139067994.655617,1
252,2
1566403106,1
239145382,1
2145134077,1
The Departed,1
120359613,1
164828265.694739,1
60,2
249,2
1293722940,1
178970159,1
1605362326,1
American Gangster,1
129150735,1
160261303.200057,1
256,2
1089416918,1
137297291,1
1231556700,1
Twilight,1
176922850,1
200006551.854003,1
62,2
196,2
1834368065,1
219737067,1
1971041491,1
The Twilight Saga: New Moon,1
287954655,1
309409318.315619,1
63,2
208,2
1688220533,1
195679977,1
1755249394,1
The Twilight Saga: Eclipse,1
300531751,1
312464019.664017,1
64,3
244,2
1490251352,1
183601071,1
1646901607,1
The Twilight Saga: Breaking Dawn,2
Part 1,1
275530738,1
304493610.813443,1
65,1
1670673352,1
209883469,1
1882654717,1
Part 2,1
289133356,1
325819691.721186,1
66,1
231,2
1338302458,1
164612723,1
1476576125,1
The Great Gatsby,1
144840419,1
159805358.90968,1
254,2
1648533596,1
201778765,1
1809955522,1
The Fault in Our Stars,1
124872350,1
137099662.376318,1
68,1
287,2
2070185234,1
240584394,1
2158042014,1
American Sniper,1
347897084,1
362661520.085061,1
69,3
282,2
1360947564,1
156363340,1
1402579160,1
Sully,1
124976335,1
128799380.373613,1
70,2
253,2
1326577328,1
147890338,1
1326576332,1
Hidden Figures,1
167620331,1
167620205.14993,1
71,1
1631625937,1
181897975,1
1631624836,1
A Star is Born,1
202110097,1
202109960.61873,1
72,3
Comedy,24
1048895722,1
241125423,1
2162895044,1
Ace Ventura: When Nature Calls,1
104371496,1
215221195.680752,1
73,1
1041177912,1
235560580,1
2112978403,1
The Nutty Professor,1
128814019,1
261416648.407186,1
74,4
1296925200,1
282554475,1
2534513641,1
Liar Liar,1
181410615,1
354521354.307634,1
75,1
791406180,1
168743282,1
1513627240,1
The Waterboy,1
150042308,1
286967843.164012,1
76,1
1352538228,1
266247647,1
2388241394,1
Austin Powers: The Spy Who Shagged Me,1
206040085,1
363814825.809329,1
77,2
79,2
1482623604,1
275069272,1
2467371370,1
Meet the Parents,1
161325490,1
268476701.843485,1
78,1
88,2
1477683205,1
261074728,1
2341840310,1
American Pie 2,1
145096820,1
229950222.60459,1
82,3
1305574866,1
224711640,1
2015663411,1
Austin Powers in Goldmember,1
213117789,1
329030330.39893,1
80,1
1802604618,1
298939369,1
2681486140,1
Bruce Almighty,1
242704995,1
361038729.016098,1
81,1
120,2
1674423943,1
269633428,1
2418611849,1
Meet the Fockers,1
162461370,1
234666373.548609,1
1825866367,1
284846481,1
2555072935,1
Wedding Crashers,1
209218368,1
292775089.811198,1
83,1
125,3
1954939739,1
298464018,1
2677222241,1
Talladega Nights: The Ballad of Ricky Bobby,1
148213377,1
202973084.746382,1
84,1
134,2
1428122669,1
203009299,1
1820993412,1
Wild Hogs,1
168213584,1
214488457.414794,1
85,1
2099450726,1
249134624,1
2234737577,1
Sex and the City,1
152647258,1
162483719.791104,1
86,1
87,2
1435281074,1
173140695,1
1553072034,1
The Hangover,1
277322503,1
300081866.618539,1
1376066203,1
155529369,1
1395098440,1
Grown Ups,1
162001186,1
164241808.551089,1
96,2
1491182522,1
171940533,1
1542306581,1
The Hangover Part II,1
254464305,1
263188420.224182,1
89,2
94,2
1050654625,1
131991738,1
1183965890,1
21 Jump Street,1
138447667,1
156014461.248937,1
90,1
98,3
1619719448,1
199227435,1
1787070092,1
The Heat,1
159581587,1
176069677.815955,1
91,1
102,2
1270249093,1
155477200,1
1394630484,1
22 Jump Street,1
191719337,1
210492283.148176,1
92,1
1293229974,1
148452655,1
1331620315,1
Pitch Perfect 2,1
184296230,1
189767178.908515,1
93,2
1409767232,1
161840867,1
1451712577,1
Ghostbusters,1
128350574,1
132169437.841615,1
784372296,1
87443925,1
784372007,1
Girls Trip,1
115108515,1
115108472.588557,1
95,1
865423455,1
96479734,1
865423214,1
Night School,1
77339130,1
77339108.4628782,1
Thriller or Suspense,24
329923961,1
75844582,1
680325901,1
Se7en,1
87113775,1
179634596.064959,1
97,1
305709447,1
69165022,1
620410247,1
Executive Decision,1
56679192,1
115025400.273222,1
646036777,1
140748740,1
1262516198,1
Titanic,2
157467971,1
307731496.304109,1
99,2
786162209,1
167625193,1
1503597981,1
443319081,1
847883130.859544,1
100,1
574879882,1
113165323,1
1015092947,1
The Sixth Sense,1
276386495,1
488028874.387625,1
101,1
572344556,1
106186358,1
952491631,1
What Lies Beneath,1
155464351,1
258722637.778259,1
674556330,1
119179554,1
1069040599,1
Ocean's Eleven,1
151967372,1
240838730.831176,1
103,1
950052308,1
163520173,1
1466775952,1
Signs,1
227750028,1
351620917.421872,1
104,1
382640658,1
63456152,1
569201683,1
The Recruit,1
52784696,1
78520505.2617366,1
105,1
801681437,1
129095226,1
1157984177,1
The Bourne Supremacy,1
176087450,1
254348512.335928,1
106,1
368731981,1
57524478,1
515994568,1
Flightplan,1
89132263,1
124729521.471986,1
107,1
739589574,1
112914419,1
1012842338,1
The Da Vinci Code,1
217536138,1
297908216.066078,1
108,1
826453022,1
120084032,1
1077153767,1
The Bourne Ultimatum,1
227471070,1
296473378.899473,1
109,2
780239375,1
97076819,1
870779066,1
Eagle Eye,1
101401695,1
113168440.471127,1
110,1
965638077,1
122809305,1
1101599466,1
Taken,1
145000989,1
165417060.342238,1
111,2
919200109,1
104436566,1
936795997,1
Inception,1
292568851,1
298169382.031361,1
112,1
928786329,1
110302117,1
989409989,1
Super 8,1
127004179,1
135293984.659139,1
113,1
1534307056,1
192752112,1
1728986445,1
The Hunger Games,1
408010692,1
459780819.702539,1
114,1
1143419822,1
140642010,1
1261558830,1
Gravity,1
255621667,1
282032692.575772,1
115,1
969244659,1
118634566,1
1064152057,1
The Hunger Games: Mockingjay - Part 1,1
323734502,1
355434237.399466,1
116,2
1089501477,1
125482735,1
1125580133,1
The Hunger Games: Mockingjay - Part 2,1
274185395,1
283264997.694682,1
652302676,1
74687059,1
669942919,1
The Accountant,1
85856696,1
88178521.4904371,1
118,1
697561514,1
77766030,1
697561289,1
Baby Driver,1
107825862,1
107825827.220531,1
119,1
613231037,1
68364643,1
613230848,1
Maze Runner: The Death Cure,1
58032443,1
58032425.1141934,1
Horror,24
148103633,1
34046807,1
305399859,1
Tales from the Crypt: Demon Knight,1
21089146,1
43487266.8844688,1
112915551,1
25546499,1
229152096,1
Scream,1
39129829,1
79410517.4359162,1
122,1
407801247,1
88845581,1
796944862,1
Scream 2,1
85520969,1
167129201.637314,1
123,1
318584830,1
67928527,1
609318887,1
Halloween: H2O,1
55041738,1
105271712.20521,1
124,1
477204556,1
93937896,1
842622927,1
The Blair Witch Project,1
140539099,1
248156614.324786,1
370091662,1
68662640,1
615903881,1
Scream 3,1
89138076,1
148342944.708851,1
126,2
391330452,1
69139648,1
620182643,1
Hannibal,1
165092266,1
261639127.094405,1
127,1
297788051,1
51254391,1
459751887,1
The Ring,1
127230430,1
196429742.831828,1
128,1
450032336,1
74632219,1
669451004,1
Freddy vs. Jason,1
82622655,1
122906322.320127,1
464969445,1
74874297,1
671622444,1
The Grudge,1
110359362,1
159407946.525864,1
130,1
587908674,1
91717406,1
822705132,1
Saw II,1
87014325,1
121765734.885238,1
553283464,1
84470742,1
757702556,1
Saw III,1
80238724,1
109884155.628729,1
132,1
693525961,1
93822372,1
841586677,1
I am Legend,1
206129574,1
250136134.722267,1
293647307,1
33899031,1
304074308,1
Saw V,1
56746769,1
58761766.5940688,1
584680109,1
70287470,1
630478606,1
Paranormal Activity,1
107854596,1
116302939.487844,1
135,2
531211616,1
62321234,1
559021469,1
Paranormal Activity 2,1
84660648,1
89092780.3270249,1
136,1
404326975,1
47796580,1
428735323,1
Paranormal Activity 3,1
104007828,1
110286556.399331,1
137,1
308863451,1
38801926,1
348053276,1
Paranormal Activity 4,1
53900335,1
60739424.213218,1
138,1
448523012,1
55168866,1
494864728,1
The Conjuring,1
137400141,1
151596421.106542,1
139,1
254888301,1
31198061,1
279846607,1
Annabelle,1
84273813,1
92525786.9210815,1
140,1
374324652,1
43043467,1
386099899,1
Goosebumps,1
79132868,1
81622175.2404924,1
141,1
479942549,1
54784636,1
491418185,1
The Conjuring 2: The Enfield Poltergeist,1
102470008,1
104920110.653276,1
142,2
1039425572,1
115877974,1
1039425427,1
It,1
327481748,1
327481702.316254,1
143,2
901529308,1
100504925,1
901529177,1
A Quiet Place,1
188024361,1
188024333.678435,1
144,1
Romantic Comedy,24
297177737,1
68316713,1
612800916,1
While You Were Sleeping,1
81057016,1
167145137.29885,1
145,1
427301022,1
96674429,1
867169628,1
Jerry Maguire,2
83338125,1
169127353.162445,1
146,1
297133612,1
64734983,1
580672798,1
70614467,1
137998188.276891,1
147,1
500783066,1
106776765,1
957787582,1
There's Something About Mary,1
174711965,1
334150577.096029,1
148,2
722597811,1
142243650,1
1275925541,1
Runaway Bride,1
152162347,1
268680339.132393,1
149,2
374478694,1
69476556,1
623204707,1
What Women Want,1
115761883,1
192650080.051773,1
150,1
529130923,1
93486019,1
838569590,1
America's Sweethearts,1
93607673,1
148349953.775928,1
574879303,1
98946512,1
887550213,1
My Big Fat Greek Wedding,1
227898505,1
351850145.934253,1
152,2
495065519,1
82100406,1
736440642,1
How to Lose a Guy in 10 Days,1
105807520,1
157395243.59245,1
153,1
651589511,1
104925831,1
941184704,1
50 First Dates,1
120776832,1
174455397.08201,1
154,1
440435727,1
68710713,1
616335096,1
Hitch,1
177784257,1
248786986.132448,1
155,1
342785466,1
52333650,1
469432841,1
The Break-Up,1
118703275,1
162560029.949619,1
156,1
733929251,1
105730830,1
948405545,1
Knocked Up,1
148761765,1
192234445.783095,1
157,1
330849160,1
38856854,1
348545980,1
What Happens in Vegas...,1
80277646,1
84571624.1116135,1
158,2
642370662,1
75508553,1
677311720,1
The Proposal,1
163958031,1
172876350.919686,1
159,1
517406269,1
59285340,1
531789500,1
Valentine's Day,1
110485654,1
113557013.546415,1
160,2
577791604,1
69473969,1
623181502,1
Just Go With It,1
103028109,1
111121745.747693,1
161,1
340203356,1
42739101,1
383369736,1
Think Like a Man,1
91547205,1
103163085.235373,1
162,1
197247886,1
24261722,1
217627646,1
Warm Bodies,1
66380662,1
73239148.4843678,1
163,1
264693693,1
32398230,1
290612123,1
Think Like a Man Too,1
65028687,1
71396203.5543193,1
164,1
74106836,1
8790834,1
78853781,1
Focus,1
53862963,1
57313178.0772978,1
165,1
137209258,1
15669133,1
140552123,1
How to be Single,1
46843513,1
47984773.7455741,1
85994969,1
9586948,1
85994924,1
The Big Sick,1
42872467,1
42872444.56542,1
167,1
241016524,1
26869172,1
241016473,1
Crazy Rich Asians,1
174519335,1
174519298.071054,1
168,1
Musical,23
2562599,1
579772,1
5200555,1
Evita,1
2278112,1
4623215.24052729,1
169,1
114425007,1
24929194,1
223614870,1
Anastasia,1
53147865,1
103864122.313338,1
170,1
67210342,1
14330561,1
128545132,1
Grease,1
28350476,1
54222543.3056542,1
171,1
23577029,1
4641144,1
41631062,1
The King and I,1
12064440,1
21302745.5509886,1
172,1
93372793,1
17323334,1
155390306,1
Fantasia 2000 (Theatrical Release),1
67320333,1
112033996.293673,1
173,1
69839373,1
12339107,1
110681790,1
Moulin Rouge,1
57065562,1
90437790.0058751,1
57571456,1
9909026,1
88883963,1
Eight Crazy Nights,1
23443124,1
36193591.5989412,1
169169167,1
28054586,1
251649636,1
Chicago,1
161445985,1
240160923.408173,1
176,1
22364844,1
3601422,1
32304755,1
The Phantom of the Opera,2
16178431,1
23368830.5511724,1
177,1
81788548,1
12759520,1
114452894,1
35047365,1
49044425.5267169,1
178,1
68195041,1
10411454,1
93390742,1
Dreamgirls,1
37064395,1
50758402.6649546,1
179,1
255937558,1
36163584,1
324387348,1
Hairspray,1
118871849,1
150663795.303409,1
180,1
260176422,1
29103388,1
261057390,1
Mamma Mia!,1
144130063,1
144618093.284854,1
181,1
39330920,1
4692206,1
42089088,1
Fame,1
22455510,1
24030252.4445113,1
182,1
174481691,1
22108696,1
198315003,1
Tangled,1
167821986,1
190745616.152104,1
183,1
84688775,1
9924084,1
89019033,1
Footloose,1
51670512,1
54312499.0632453,1
184,1
391900843,1
49233771,1
441626926,1
Beauty and the Beast,2
218813467,1
246577471.124788,1
185,1
357193074,1
43935184,1
394098600,1
Frozen,2
296691729,1
327346198.852891,1
186,1
252182790,1
30866923,1
276876299,1
104046280,1
114234396.927394,1
187,1
68944880,1
7956106,1
71366271,1
Into the Woods,1
37130717,1
38434772.993242,1
188,1
248894081,1
28773877,1
258101677,1
Moana,1
210046114,1
217816567.002785,1
189,1
890162292,1
99237710,1
890162259,1
504014165,1
504014146.315242,1
190,1
417625409,1
46558012,1
417625368,1
Mary Poppins Returns,1
138817262,1
138817248.37174,1
191,1
Documentary,24
81994311,1
18849263,1
169077889,1
The Living Sea,1
64800000,1
133622041.256009,1
192,1
6791655,1
1536569,1
13783024,1
Snowriders,1
2035470,1
4130794.6091608,1
193,1
10372500,1
2259800,1
20270406,1
When We Were Kings,1
2666118,1
5210247.70343774,1
194,1
85954501,1
18327179,1
164394796,1
Everest,1
66877098,1
127907750.66895,1
195,1
88124882,1
17347407,1
155606241,1
Mysteries of Egypt,1
27042366,1
47749975.0979094,1
127001363,1
23562383,1
211354576,1
Dolphins,1
54000000,1
89866335.5605089,1
197,1
21807044,1
3852823,1
34559822,1
Shackleton's Antarctic Adventure,1
6683025,1
10591263.7412732,1
198,1
71658170,1
12333577,1
110632186,1
Space Station,2
30460417,1
47027471.1059683,1
199,1
91130211,1
15112777,1
135561610,1
15713110,1
23374185.8636441,1
200,1
235480966,1
37919594,1
340138758,1
Fahrenheit 9/11,1
119114517,1
172054092.3556,1
201,1
165886230,1
25878321,1
232128539,1
La marche de l'empereur,1
77437223,1
108359744.14035,1
202,1
102355386,1
15626720,1
140171678,1
An Inconvenient Truth,1
24146161,1
33067218.4131879,1
203,1
70753270,1
10283847,1
92246108,1
Sicko,1
24538513,1
31992617.7314123,1
204,1
87432868,1
11212195,1
100573389,1
Sea Monsters: A Prehistoric Adventure,1
14144251,1
16270028.5427745,1
205,1
187444087,1
23688746,1
212488052,1
Michael Jackson's This Is It,1
72091016,1
81722927.6298314,1
206,1
93857579,1
11330455,1
101634181,1
Hubble 3D,1
20149829,1
21819350.0143984,1
207,1
82415597,1
9786934,1
87788798,1
African Cats,1
15428747,1
16434645.9053874,1
132328422,1
16624104,1
149118213,1
2016: Obama’s America,1
33349941,1
37581371.6389321,1
209,1
49307450,1
6064807,1
54401319,1
Justin Bieber’s Believe,1
5962982,1
6579007.55308291,1
210,1
88025980,1
10774221,1
96644762,1
Bears,1
17780194,1
19521084.7688811,1
211,1
65083771,1
7648965,1
68611216,1
Monkey Kingdom,1
16432322,1
17322929.768829,1
212,1
50780120,1
5860728,1
52570730,1
Hillary’s America: The Secret History of the Democratic Party,1
13099931,1
13561861.1302933,1
213,1
44877018,1
5002945,1
44876417,1
Born in China,1
13873211,1
13873025.2078021,1
214,1
107099307,1
11939660,1
107098750,1
Won’t You Be My Neighbor?,1
22835787,1
22835668.2360816,1
215,1
Dark Comedy,24
24185598,1
5559905,1
49872348,1
To Die For,1
21155211,1
43623483.9016769,1
216,1
2567371,1
580852,1
5210242,1
Faithful,1
2104439,1
4270764.32048115,1
217,1
37327594,1
8132372,1
72947377,1
Grosse Pointe Blank,1
28084357,1
54883799.3116189,1
218,1
46315475,1
9875365,1
88582024,1
Dead Man on Campus,1
15064948,1
28812909.4065159,1
219,1
101746444,1
20028824,1
179658551,1
Being John Malkovich,1
18243969,1
32214246.5738549,1
220,1
51210561,1
9501029,1
85224230,1
Nurse Betty,1
25170054,1
41887814.3359613,1
221,1
57007068,1
10071918,1
90345104,1
Snatch,1
30033056,1
47596546.5853782,1
222,1
47766617,1
8221446,1
73746371,1
The Royal Tenenbaums,1
31656156,1
48873601.9301906,1
223,1
56947540,1
9444035,1
84712994,1
Bad Santa,2
56909596,1
84656549.9491361,1
224,1
5277208,1
849791,1
7622625,1
3150732,1
4551052.09260275,1
225,2
9517330,1
1484760,1
13318297,1
The Ice Harvest,1
9016782,1
12617843.5191649,1
226,1
32291174,1
4929948,1
44221634,1
Thank You For Smoking,1
24793509,1
33953843.8761535,1
227,1
2456085,1
356987,1
3202173,1
You Kill Me,1
2426851,1
3164058.55140315,1
61625210,1
6905436,1
61941761,1
Burn After Reading,1
60355347,1
60665375.0785769,1
229,1
54671157,1
7289484,1
65386671,1
The Men Who Stare at Goats,1
32018431,1
38294024.2829176,1
230,1
53218987,1
6745113,1
60503664,1
Kick-Ass,1
48071303,1
54651359.0112903,1
35839668,1
4514637,1
40496294,1
50/50,1
35016118,1
39565740.6554852,1
232,1
92522208,1
11623385,1
104261763,1
Dark Shadows,1
79727149,1
89843220.2753277,1
233,1
188672454,1
23206939,1
208166243,1
American Hustle,2
87923123,1
97007410.4603361,1
234,1
181517016,1
22217499,1
199290966,1
62194684,1
68284720.2293406,1
235,1
74779827,1
8445027,1
75751892,1
Krampus,1
41465710,1
42004723.8892826,1
236,1
49182952,1
5536337,1
49660943,1
The Nice Guys,1
36261763,1
36614177.7220389,1
237,1
61215946,1
6824518,1
61215926,1
Three Billboards Outside Ebbing,2
Missouri,2
24164629,1
24164621.1051195,1
238,1
141282717,1
15750577,1
141282676,1
30349111,1
30349102.1927405,1
239,1
Western,21
36538078,1
8399556,1
75344017,1
The Quick and the Dead,1
18552460,1
38256441.9954388,1
240,1
1118960,1
253157,1
2270818,1
Dead Man,1
1025488,1
2081125.87508401,1
241,1
491069,2
96667,1
867103,1
Ride With the Devil,1
867103.0,1
242,1
64719710,1
12007366,1
107706073,1
Shanghai Noon,1
56932305,1
94746329.9571068,1
243,1
22389813,1
3955796,1
35483490,1
American Outlaws,1
13264986,1
21022417.5646818,1
84453058,1
14005482,1
125629174,1
Open Range,1
58331254,1
86771366.6259924,1
245,1
90475689,1
14569352,1
130687087,1
Hidalgo,1
67286731,1
97191930.3995861,1
246,1
14873,2
2320,1
20810,1
Major Dundee,1
20810.0,1
247,1
584825,1
89285,1
800886,1
Down in the Valley,1
568932,1
779121.401704783,1
248,1
57964064,1
8293652,1
74394058,1
3:10 to Yuma,1
53606916,1
68801870.3813647,1
20317697,1
2270814,1
20369202,1
Appaloosa,2
20080574,1
20131477.8974186,1
250,1
169906,1
19795,1
177561,1
130820,1
136714.00668605,1
251,1
92697737,1
10426173,1
93522772,1
True Grit,2
86670382,1
87441771.9058115,1
84669662,1
9440622,1
84682379,1
84572623,1
84585325.4251814,1
106297399,1
13353944,1
119784878,1
Django Unchained,1
106280122,1
119765408.818659,1
145859175,1
17940856,1
160929478,1
The Lone Ranger,1
89302115,1
98528890.9747773,1
255,1
2323054,1
284339,1
2550521,1
The Homesman,1
2272797,1
2495342.97404925,1
29521197,1
3501919,1
31412213,1
The Hateful Eight,1
29045855,1
30906422.3929374,1
257,1
147170965,1
16628696,1
149159403,1
The Magnificent Seven,1
93420253,1
94682461.0791195,1
258,1
61575125,1
6864560,1
61575103,1
The Dark Tower,1
50701325,1
50701306.8850688,1
259,1
33408750,1
3724495,1
33408720,1
Hostiles,1
29733369,1
29733342.3003758,1
260,1
Concert or Performance,19
148443,2
29221,1
262112,1
Stop Making Sense,1
262112.0,1
261,1
38847717,1
7207367,1
64650082,1
The Original Kings of Comedy,1
38168022,1
63518938.631009,1
262,1
3215111,1
568039,1
5095310,1
N'sync: Bigger than Live,1
1688717,1
2676279.79788878,1
263,1
20338177,1
3500545,1
31399889,1
Martin Lawrence Live: RunTelDat,1
19184820,1
29619233.7437608,1
264,1
70000,2
11608,1
104124,1
Concert for George,1
104124.0,1
265,1
1174079,2
189062,1
1695886,1
Festival Express,1
1695886.0,1
1154117,1
180048,1
1615031,1
Sarah Silverman: Jesus is Magic,1
1149330,1
1608332.23947832,1
267,1
2484609,1
379327,1
3402563,1
Neil Young: Heart of Gold,1
1828069,1
2503460.27920168,1
268,1
192068,1
27915,1
250398,1
Aida at La Scala,1
118108,1
153976.752941666,1
269,1
75628951,1
8718895,1
78208488,1
Hannah Montana/Miley Cyrus: Best of Both Worlds Concert Tour,1
65281781,1
67508398.8135328,1
270,1
19953639,1
2241766,1
20108641,1
Jonas Brothers: The 3D Concert Experience,1
19162740,1
19311598.2120524,1
271,1
3128252,1
387512,1
3475983,1
U2 3D,1
2054521,1
2282897.94720598,1
272,1
95445317,1
10795027,1
96831392,1
Justin Bieber: Never Say Never,1
73013910,1
74074231.852179,1
273,1
28347099,1
3561192,1
31943892,1
Katy Perry: Part of Me,1
25326071,1
28539543.916234,1
274,1
64881892,1
7980550,1
71585534,1
Kevin Hart: Let Me Explain,1
32244051,1
35575528.6722871,1
275,1
3148116,1
385326,1
3456374,1
The Fluffy Movie,1
2827393,1
3104246.36607482,1
276,1
1150000,2
136417,1
1223660,1
The Met: Live in HD - Tannhauser,1
1223660.0,1
277,1
27211033,1
3145782,1
28217665,1
Kevin Hart: What Now?,1
23591043,1
24463758.8133679,1
278,1
2984320,1
332699,1
2984310,1
Mayweather vs. McGregor,1
2620183,1
2620174.22016741,1
279,1
Multiple Genres,18
332235,2
61639,1
552902,1
Under Suspicion,2
552902.0,1
280,1
355,1
3184,1
3184.0,1
281,1
391835,2
67441,1
604946,1
Kurosawa & Mifune Festival,1
604946.0,1
498239,1
82626,1
741155,1
The Animation Show,2
306362,1
455728.532110092,1
283,1
55134,1
8877,1
79627,1
36709,1
53016.787154932,1
284,1
748135,1
114218,1
1024535,1
Viva Pedro,1
579539,1
793650.864302566,1
285,1
335887,1
48819,1
437906,1
2006 Academy Award Nominated Short Films,1
335090,1
436866.927091552,1
286,1
508695,2
70848,1
635507,1
A Collection of 2007 Academy Award Nominated Short Films - Live Action & Animation,1
635507.0,1
644635,2
85951,1
770980,1
2009 Oscar Shorts,1
770980.0,1
288,1
1173911,1
148783,1
1334584,1
2010 Oscar Shorts,1
1018169,1
1157525.61880415,1
289,1
1510823,1
190518,1
1708946,1
2011 Oscar Shorts,1
1352152,1
1529467.54966796,1
290,1
1900200,1
238718,1
2141300,1
2012 Oscar Shorts,1
1702415,1
1918419.76607726,1
291,1
2142342,2
263510,1
2363685,1
2013 Oscar Shorts,1
2363685.0,1
292,1
5136187,1
628663,1
5639107,1
Saving Christmas,1
2778297,1
3050339.49518952,1
293,1
2412493,2
286179,1
2567026,1
2015 Oscar Shorts,1
2567026.0,1
294,1
2862219,1
330890,1
2968083,1
2016 Oscar Shorts,1
2816816,1
2921000.69342283,1
295,1
4614134,1
514394,1
4614114,1
2017 Oscar Shorts,1
2835355,1
2835342.71013152,1
296,1
4787450,1
533717,1
4787441,1
2018 Oscar Shorts,1
3508777,1
3508770.4037968,1
297,1
Reality,3
16826,2
2059,1
18469,1
The Principle,1
18469.0,1
298,1
604870,1
71751,1
643606,1
Benpao Ba! Xiongdi,1
309297,1
329104.443900342,1
299,1
2027,2
The Cage Fighter,1
2018.0,1

Metric,Value
Average Movies Released,46.7
Average Gross,738207510.7466667
Average Tickets Sold,107874357.24
